"Name","max_len","Created","Runtime","Tags","fiqa_acc","fpb_acc","tfns_acc","nwgi_acc","Hostname","State","Notes","User","Sweep","arc_challenge/acc","arc_challenge/acc_stderr","piqa/acc","piqa/acc_stderr","winogrande/acc","winogrande/acc_stderr","arc_easy/acc","arc_easy/acc_stderr","hellaswag/acc","hellaswag/acc_stderr","lambada_openai/acc","lambada_standard/acc","lambada_openai/acc_stderr","lambada_standard/acc_stderr","lambada/acc","lambada/acc_stderr"
"mamba-big_mamba_l_mt_0_2024_03_16_1625","512","2024-03-19T12:54:49.000Z","9429","","0.09454545454545454","0.6014851485148515","0.6595477386934674","0.4183345688164072","209-20-156-111","finished","-","pheelav","","0.3660409556313993","0.01407722310847014","0.750272034820457","0.010099232969867504","0.6377269139700079","0.013508855476252512","0.6872895622895623","0.009512819491443735","0.49432383987253536","0.00498945987160918","0.69241218707549","0.6079953425189211","0.0064295264384096424","0.0068015487080569864","0.6502037647972055","0.004679740245202725"
"mamba-medium_mamba_m_mqsq_1_b_2024_03_17_0501","1024","2024-03-19T16:22:41.000Z","3088","rerun","","","","","ubuntu-2204-filip","finished","-","pheelav","","0.2909556313993174","0.013273077865907586","0.6920565832426551","0.010770892367463683","0.5643251775848461","0.013935709739615712","0.5012626262626263","0.010259750807991066","0.40420235012945627","0.00489734079331438","0.4900058218513487","0.3799728313603726","0.006964585944360492","0.006762288658543556","0.43498932660586065","0.004853710057210117"
"mamba-medium_mamba_m_mqsq_1_b_2024_03_17_0501_mamba_m_mqsq_1_b_mt_0_2024_03_17_1458","","2024-03-21T01:29:11.000Z","43143","","0.09454545454545454","0.6047854785478548","0.6595477386934674","","209-20-156-111","running","-","pheelav","","","","","","","","","","","","","","","","",""
"mamba-medium_mamba_m_mqsq_1_b_2024_03_17_0501_mamba_m_mqsq_1_b_mt_2_2024_03_17_1722","512","2024-03-19T12:54:59.000Z","3600","","0.11636363636363636","0.5816831683168316","0.6415410385259631","0.38695329873980727","ubuntu-2204-filip","finished","-","pheelav","","0.20819112627986347","0.011864866118448066","0.6175190424374319","0.011339019654272349","0.5217048145224941","0.014039239216484626","0.417929292929293","0.010120628211017883","0.3016331408086039","0.004580288728196014","0.4131573840481273","0.29943722103628956","0.006860103285763933","0.006380996322762501","0.3562973025422084","0.004684499203822583"
"mamba-medium_mamba_m_mt_0_2024_03_15_1748","512","2024-03-19T14:23:35.000Z","7143","","0.08727272727272728","0.6023102310231023","0.657035175879397","0.4153694094390907","ubuntu-2204-filip","finished","-","pheelav","","0.29266211604095566","0.013295916103619423","0.736126224156692","0.010282996367695568","0.6077348066298343","0.013722400462000892","0.6334175084175084","0.00988778658532396","0.44612626966739694","0.004960732382255234","0.6508829807878905","0.5786920240636523","0.006641237953750678","0.006879163975434951","0.6147875024257714","0.004780924036189565"
"mamba-medium_mamba_m_mt_1_2024_03_16_0538","512","2024-03-19T17:14:15.000Z","9091","","0.08727272727272728","0.6039603960396039","0.657035175879397","0.41512231282431433","ubuntu-2204-filip","finished","-","pheelav","","0.2883959044368601","0.013238394422428176","0.7274211099020674","0.010389256803296016","0.601420678768745","0.01376035717687384","0.5492424242424242","0.01020990610101111","0.4501095399322844","0.004964879563513312","0.6456433145740346","0.5557927420919853","0.006663903775760187","0.0069224740040908185","0.6007180283330099","0.004804379769280943"
"mamba-small_mamba_s_mt_0_2024_03_14_0457","512","2024-03-21T06:50:14.000Z","7864","","0.17454545454545456","0.6146864686468647","0.6721105527638191","0.4180874722016309","ubuntu-2204-filip","finished","-","pheelav","","0.2235494880546075","0.01217489663120262","0.5973884657236126","0.011442395233488696","0.5027624309392266","0.014052271211616426","0.3796296296296297","0.009958037725468563","0.293168691495718","0.004542847935606012","0.32097807102658643","0.20357073549388705","0.006504166559764677","0.005609747975573599","0.26227440326023677","0.004294573756108199"
"mamba-small_mamba_s_mt_1_2024_03_14_0457","512","2024-03-21T01:21:08.000Z","9178","","0.09454545454545454","0.6056105610561056","0.6582914572864321","0.4180874722016309","ubuntu-2204-filip","finished","-","pheelav","","0.2380546075085324","0.0124457700280262","0.5908596300326442","0.01147159346044332","0.5043409629044988","0.0140519560640769","0.35984848484848486","0.009848484848484836","0.3105954989046007","0.004617917316181455","0.2699398408693965","0.15447312245294004","0.006184789044439865","0.005035032106143655","0.21220648166116823","0.003987579586482281"
"mamba-small_mamba_s_mt_2_2024_03_14_0943","512","2024-03-21T03:54:09.000Z","20345","","0.09454545454545454","0.6039603960396039","0.6582914572864321","0.41685198912774896","ubuntu-2204-filip","finished","-","pheelav","","0.24061433447098976","0.012491468532390592","0.5924918389553863","0.01146449062565549","0.4980268350434096","0.014052376259225636","0.3413299663299663","0.0097294738412429","0.3103963353913563","0.004617103280372029","0.24995148457209393","0.15350281389481854","0.006032323323255979","0.0050220727858350305","0.20172714923345625","0.003924606341485821"
"mamba_s_mt_0_2024_03_13_0356","1024","2024-03-21T01:22:24.000Z","19667","","0.10181818181818182","0.608085808580858","0.6578726968174204","0.42006424511984186","ubuntu-2204-filip","finished","-","pheelav","","0.23464163822525597","0.012383873560768689","0.5935799782372143","0.011459682650123575","0.4980268350434096","0.014052376259225636","0.3733164983164983","0.009925009142802903","0.3140808603863772","0.004632001732332992","0.2509217931302154","0.15893654182029884","0.006040109961800766","0.005093758311628705","0.2049291674752571","0.003950610778345905"
"pythia-big_pythia_l_mt_0_2024_03_16_1053","512","2024-03-19T16:54:39.000Z","809","","0.3709090909090909","0.6881188118811881","0.7160804020100503","0.48208549542871265","209-20-156-111","finished","-","pheelav","","0.19965870307167236","0.011681625756888667","0.5603917301414582","0.011580417248656575","0.4846093133385951","0.014045826789783666","0.2996632996632997","0.009400228586205973","0.2638916550487951","0.0043984049929338635","0.003299049097613041","0.0031049873859887445","0.0007988935201235958","0.0007751160050578563","0.0032020182418008927","0.0005565598974486756"
"pythia-big_pythia_l_mt_1_2024_03_20_1309","512","2024-03-20T22:10:44.000Z","1800","","0.3927272727272727","0.6691419141914191","0.6587102177554439","0.45441067457375833","209-20-156-111","finished","-","pheelav","","0.2721843003412969","0.0130066004064237","0.7279651795429815","0.01038276378624738","0.5935280189423836","0.013804448697753373","0.5122053872053872","0.01025672623512901","0.4505078669587731","0.004965276587781621","0.6396274015136814","0.5261013002134679","0.0066888504143385735","0.006956479649113954","0.5828643508635746","0.0048252805352107225"
"pythia-big_pythia_l_mt_2_2024_03_19_2133","512","2024-03-20T11:43:08.000Z","1637","","0.43272727272727274","0.5734323432343235","0.5330820770519263","0.4474919693600198","209-20-156-111","finished","-","pheelav","","0.27303754266211605","0.013019332762635751","0.7236126224156693","0.010434162388275624","0.5966850828729282","0.01378725728589624","0.5147306397306397","0.01025532997756209","0.45210117506472813","0.004966832553245044","0.6299243159324666","0.5237725596739763","0.006726691873834143","0.006958099772705387","0.5768484378032214","0.004838996177215608"
"pythia-medium_pythia_m_mt_1_2024_03_16_1225","512","2024-03-19T13:47:34.000Z","1227","","0.2109090909090909","0.6006600660066007","0.6503350083752094","0.4252532740301458","ubuntu-2204-filip","finished","-","pheelav","","0.21245733788395904","0.011953482906582958","0.55930359085963","0.011583478090657132","0.4940805051302289","0.014051500838485808","0.3489057239057239","0.009780119894465773","0.26598287193786097","0.004409521343140162","0.094896176984281","0.08034154861245876","0.004083058767764434","0.0037870013093122368","0.08761886279836988","0.0027844545164964814"
"pythia-medium_pythia_m_mt_2_2024_03_16_1445","512","2024-03-20T12:16:15.000Z","2929","","0.16","0.5445544554455446","0.5984087102177554","0.39486039041265136","209-20-156-111","finished","-","pheelav","","0.24829351535836175","0.012624912868089736","0.7023939064200218","0.01066735379238821","0.5651144435674822","0.01393281411041803","0.5374579124579124","0.010230952104570803","0.4063931487751444","0.004901558132335518","0.4995148457209392","0.3353386376867844","0.006965974377961558","0.006577397476383331","0.41742674170386185","0.004790275477379947"
"pythia-medsmall_pythia_ms_mt_0_2024_03_14_1735","512","2024-03-19T16:04:17.000Z","743","","0.32727272727272727","0.6914191419141914","0.7102177554438861","0.4754138868297504","209-20-156-111","finished","-","pheelav","","0.1953924914675768","0.011586907189952911","0.529923830250272","0.011644913435420158","0.500394632991318","0.014052481306049516","0.28619528619528617","0.009274470774627728","0.25941047600079664","0.004374153847826756","0.009314962157966232","0.0005821851348728896","0.001338352215723171","0.000336059496400049","0.0049485736464195615","0.0006899497515130677"
"pythia-medsmall_pythia_ms_mt_2_2024_03_14_1601","512","2024-03-19T15:50:20.000Z","835","","0.16363636363636364","0.6270627062706271","0.6620603015075377","0.4334074623177662","209-20-156-111","finished","-","pheelav","","0.20733788395904437","0.011846905782971356","0.5636561479869423","0.011570895640553714","0.48145224940805054","0.014042813708888378","0.29292929292929293","0.009338583737393592","0.2665803624775941","0.004412674170976486","0.0038812342324859306","0.0017465554046186688","0.0008662685754551804","0.000581732952175624","0.0028138948185522997","0.000521736157571074"
"pythia_m_mt_0_2024_03_15_0539","512","2024-03-19T14:08:04.000Z","1039","","0.3236363636363636","0.6336633663366337","0.6842546063651591","0.4724487274524339","ubuntu-2204-filip","finished","-","pheelav","","0.19880546075085323","0.01166285019817554","0.5533188248095756","0.01159930504274508","0.4988161010260458","0.014052446290529015","0.3106060606060606","0.009495260551195608","0.26329416450906196","0.004395205528158074","0.019988356297302542","0.0038812342324859306","0.001949917476645864","0.0008662685754551794","0.011934795264894237","0.0010668410625006566"